task_id,dataset,difficulty,category,build_timeout_sec,stall_events_6.1,stall_events_6.2,stall_events_total
task_000000_3dae2e11,harbor_tasks_457,NOT_FOUND,NOT_FOUND,,0,20,20
task_004547_8bd58040,harbor_tasks_8192_deduped,easy,service configuration,600.0,0,20,20
task_002413_62ccc87d,harbor_tasks_8192_deduped,medium,environment variable and dotenv management,600.0,10,4,14
task_000000_a11c4531,harbor_tasks_457,NOT_FOUND,NOT_FOUND,,0,10,10
task_000000_fddbe5e3,harbor_tasks_457,NOT_FOUND,NOT_FOUND,,10,0,10
task_000377_93a10bb9,harbor_tasks_v3hard,medium,text diffing and patch application,600.0,0,10,10
task_000572_54ac263a,harbor_tasks_8192_deduped,easy,file compression and extraction,600.0,0,10,10
task_000726_d583bc55,harbor_tasks_8192_deduped,medium,performance optimization,600.0,10,0,10
task_000880_3c11362d,harbor_tasks_8192_deduped,hard,data pipeline with error recovery,600.0,10,0,10
task_001352_9e748dcc,harbor_tasks_8192_deduped,medium,optimization solvers,600.0,0,10,10
task_002379_c7bfc047,harbor_tasks_8192_deduped,hard,DNS and hostname resolution,600.0,10,0,10
task_003028_020e3fd6,harbor_tasks_v3hard,hard,SQLite database operations via CLI,600.0,0,10,10
task_003361_d05f0cc6,harbor_tasks_8192_deduped,hard,launch a webserver,600.0,10,0,10
task_003638_da5c84bd,harbor_tasks_v3hard,medium,SQLite database operations via CLI,600.0,10,0,10
task_003640_d7068a3a,harbor_tasks_v3hard,medium,backup and archiving,600.0,10,0,10
task_003656_65be8bbb,harbor_tasks_8192_deduped,easy,file and directory management,600.0,0,10,10
task_004084_3a600a2c,harbor_tasks_v3hard,medium,dev environment setup,600.0,10,0,10
task_004123_919fc4fc,harbor_tasks_8192_deduped,easy,container management,600.0,10,0,10
task_004397_c2311391,harbor_tasks_8192_deduped,medium,scheduled tasks and cron jobs,600.0,0,10,10
task_004579_dca8e529,harbor_tasks_8192_deduped,easy,log analysis,600.0,0,10,10
task_004967_3084ec3c,harbor_tasks_v3hard,easy,optimization solvers,600.0,0,10,10
task_005989_5e95fcf5,harbor_tasks_v3hard,easy,checksum verification,600.0,10,0,10
task_007185_1fe8c647,harbor_tasks_v3hard,easy,Makefile authoring and task automation,600.0,0,10,10
task_007732_d3e6da85,harbor_tasks_v3hard,hard,exploiting/fixing security vulnerabilities,600.0,10,0,10
task_000359_488f933e,harbor_tasks_8192_deduped,medium,find and xargs batch file operations,600.0,0,8,8
task_000886_456e73fc,harbor_tasks_8192_deduped,medium,security scanning,600.0,4,4,8
task_003631_2debef6b,harbor_tasks_8192_deduped,easy,container management,600.0,4,4,8
task_006721_f3ba5306,harbor_tasks_v3hard,easy,backup and archiving,600.0,4,4,8
task_000000_0e33d586,harbor_tasks_457,NOT_FOUND,NOT_FOUND,,6,0,6
task_000000_8a3667c7,harbor_tasks_457,NOT_FOUND,NOT_FOUND,,0,6,6
task_000000_955c0f70,harbor_tasks_457,NOT_FOUND,NOT_FOUND,,0,6,6
task_000493_435aaefe,harbor_tasks_8192_deduped,medium,file and directory management,600.0,0,6,6
task_000701_bde958b5,harbor_tasks_8192_deduped,easy,SQLite database operations via CLI,600.0,0,6,6
task_000839_42d4489b,harbor_tasks_v3hard,easy,corrupt archive recovery,600.0,6,0,6
task_001338_a44adc69,harbor_tasks_v3hard,hard,JSON schema validation and jq processing,600.0,0,6,6
task_001770_740ada9f,harbor_tasks_v3hard,hard,launch a webserver,600.0,6,0,6
task_002243_78bfbfc7,harbor_tasks_8192_deduped,medium,process management,600.0,0,6,6
task_002861_6c9404d9,harbor_tasks_v3hard,medium,certificate management,600.0,0,6,6
task_003075_9cb7ec14,harbor_tasks_v3hard,hard,remote file synchronization,600.0,6,0,6
task_003523_126d9819,harbor_tasks_v3hard,medium,GPG file encryption and signature verification,600.0,6,0,6
task_003579_4a82f419,harbor_tasks_v3hard,hard,running old code,600.0,6,0,6
task_003696_0dc4af4a,harbor_tasks_8192_deduped,medium,INI configuration parsing,600.0,6,0,6
task_003822_dd9670b3,harbor_tasks_8192_deduped,hard,SQLite database operations via CLI,600.0,0,6,6
task_004114_79c333b3,harbor_tasks_v3hard,hard,API testing and curl operations,600.0,0,6,6
task_004800_70423efb,harbor_tasks_v3hard,medium,file and directory management,600.0,0,6,6
task_005328_814d71d6,harbor_tasks_v3hard,medium,checksum verification,600.0,0,6,6
task_006961_7fefd6ba,harbor_tasks_v3hard,easy,environment variable and dotenv management,600.0,6,0,6
task_007568_197c06ec,harbor_tasks_v3hard,easy,find and xargs batch file operations,600.0,6,0,6
task_008119_b5ff8c94,harbor_tasks_v3hard,medium,checksum verification,600.0,0,6,6
task_000000_381891f0,harbor_tasks_457,NOT_FOUND,NOT_FOUND,,4,0,4
task_000000_4c3bb09d,harbor_tasks_457,NOT_FOUND,NOT_FOUND,,4,0,4
task_000000_5b23a06b,harbor_tasks_457,NOT_FOUND,NOT_FOUND,,4,0,4
task_000000_61be2795,harbor_tasks_457,NOT_FOUND,NOT_FOUND,,4,0,4
task_000000_67e437a4,harbor_tasks_457,NOT_FOUND,NOT_FOUND,,4,0,4
task_000000_680746ab,harbor_tasks_457,NOT_FOUND,NOT_FOUND,,0,4,4
task_000000_72b81a0b,harbor_tasks_457,NOT_FOUND,NOT_FOUND,,0,4,4
task_000000_8c730bfd,harbor_tasks_457,NOT_FOUND,NOT_FOUND,,0,4,4
task_000000_a8062157,harbor_tasks_457,NOT_FOUND,NOT_FOUND,,0,4,4
task_000000_bb15373f,harbor_tasks_457,NOT_FOUND,NOT_FOUND,,0,4,4
task_000000_e5c7a096,harbor_tasks_457,NOT_FOUND,NOT_FOUND,,4,0,4
task_000059_e0a4f9f0,harbor_tasks_8192_deduped,easy,YAML and TOML configuration editing,600.0,4,0,4
task_000070_47476214,harbor_tasks_v3hard,medium,backup and archiving,600.0,0,4,4
task_000077_c7806b76,harbor_tasks_v3hard,medium,semantic version bumping and changelogs,600.0,0,4,4
task_000108_18b585fa,harbor_tasks_8192_deduped,medium,shell scripting automation,600.0,4,0,4
task_000111_246bb6ef,harbor_tasks_v3hard,hard,binary data format parsing,600.0,4,0,4
task_000147_ee028485,harbor_tasks_8192_deduped,medium,network diagnostics,600.0,4,0,4
task_000202_ea785f64,harbor_tasks_v3hard,medium,semantic version bumping and changelogs,600.0,0,4,4
task_000204_3ef8628d,harbor_tasks_v3hard,medium,remote file synchronization,600.0,0,4,4
task_000209_743d8de6,harbor_tasks_v3hard,medium,symbolic link management,600.0,0,4,4
task_000231_44013b42,harbor_tasks_v3hard,medium,API testing and curl operations,600.0,4,0,4
task_000252_31f6b93f,harbor_tasks_v3hard,medium,API testing and curl operations,600.0,4,0,4
task_000254_0adad557,harbor_tasks_v3hard,medium,cut and paste column manipulation,600.0,4,0,4
task_000256_ce4462bc,harbor_tasks_8192_deduped,medium,container management,600.0,4,0,4
task_000293_44d385fe,harbor_tasks_8192_deduped,easy,network diagnostics,600.0,0,4,4
task_000351_e4b1bbe1,harbor_tasks_v3hard,medium,find and xargs batch file operations,600.0,4,0,4
task_000378_62fcf716,harbor_tasks_8192_deduped,hard,Makefile authoring and task automation,600.0,0,4,4
task_000401_e3ee932a,harbor_tasks_v3hard,medium,security scanning,600.0,0,4,4
task_000428_2f7ea4ca,harbor_tasks_v3hard,medium,system monitoring and diagnostics,600.0,0,4,4
task_000515_1461a0a2,harbor_tasks_v3hard,medium,Python virtual environment setup with venv,600.0,4,0,4
task_000547_06b85a83,harbor_tasks_v3hard,easy,Makefile authoring and task automation,600.0,4,0,4
task_000641_81adb4e3,harbor_tasks_8192_deduped,hard,symbolic link management,600.0,0,4,4
task_000645_7953b207,harbor_tasks_v3hard,medium,text processing and manipulation,600.0,0,4,4
task_000686_b3c0411b,harbor_tasks_v3hard,hard,data transformation,600.0,0,4,4
task_000690_56658df8,harbor_tasks_8192_deduped,easy,data transformation,600.0,0,4,4
task_000820_290d567b,harbor_tasks_8192_deduped,easy,sort and uniq frequency counting,600.0,0,4,4
task_000845_e21190b2,harbor_tasks_8192_deduped,easy,service configuration,600.0,0,4,4
task_000863_a580baa9,harbor_tasks_8192_deduped,easy,environment variable and dotenv management,600.0,4,0,4
task_000899_031c8d00,harbor_tasks_8192_deduped,easy,text processing and manipulation,600.0,0,4,4
task_000957_a7d15c69,harbor_tasks_8192_deduped,medium,file and directory management,600.0,0,4,4
task_000988_364e90ab,harbor_tasks_8192_deduped,medium,symbolic link management,600.0,4,0,4
task_001010_bcc8a259,harbor_tasks_8192_deduped,medium,git submodule management,600.0,4,0,4
task_001027_b42e746e,harbor_tasks_v3hard,easy,pip package environment management,600.0,4,0,4
task_001046_8b375ded,harbor_tasks_v3hard,easy,Python virtual environment setup with venv,600.0,0,4,4
task_001075_f26d9781,harbor_tasks_v3hard,medium,performance optimization,600.0,4,0,4
task_001091_ba3be848,harbor_tasks_8192_deduped,easy,database operations,600.0,0,4,4
task_001107_2984b5e1,harbor_tasks_8192_deduped,easy,dev environment setup,600.0,4,0,4
task_001181_532810de,harbor_tasks_8192_deduped,easy,YAML and TOML configuration editing,600.0,0,4,4
task_001205_6e9289b9,harbor_tasks_v3hard,hard,launch a webserver,600.0,4,0,4
task_001208_3c4a499c,harbor_tasks_8192_deduped,easy,YAML and TOML configuration editing,600.0,4,0,4
task_001209_9b7bd9e9,harbor_tasks_8192_deduped,medium,scheduled tasks and cron jobs,600.0,4,0,4
task_001289_4a31ec71,harbor_tasks_8192_deduped,easy,git repository operations,600.0,0,4,4
task_001299_3d1e4ed2,harbor_tasks_v3hard,hard,API testing and curl operations,600.0,4,0,4
task_001400_c964e2d4,harbor_tasks_v3hard,medium,distributed system debugging,600.0,0,4,4
task_001412_b8d71031,harbor_tasks_v3hard,medium,package management,600.0,4,0,4
task_001420_604c7082,harbor_tasks_v3hard,medium,semantic version bumping and changelogs,600.0,4,0,4
task_001497_03f34984,harbor_tasks_8192_deduped,medium,environment configuration,600.0,4,0,4
task_001500_911f6f11,harbor_tasks_v3hard,easy,Python virtual environment setup with venv,600.0,4,0,4
task_001550_1f9c1545,harbor_tasks_v3hard,easy,dev environment setup,600.0,4,0,4
task_001573_c84f27a1,harbor_tasks_8192_deduped,easy,running old code,600.0,0,4,4
task_001584_2c5b34d9,harbor_tasks_8192_deduped,medium,certificate management,600.0,0,4,4
task_001588_c720cff1,harbor_tasks_8192_deduped,medium,GPG file encryption and signature verification,600.0,0,4,4
task_001594_2f239e89,harbor_tasks_8192_deduped,medium,Python virtual environment setup with venv,600.0,4,0,4
task_001630_0d319f5e,harbor_tasks_8192_deduped,easy,text encoding conversions,600.0,0,4,4
task_001650_de93e232,harbor_tasks_8192_deduped,medium,awk and sed text processing,600.0,0,4,4
task_001656_5c0b98b6,harbor_tasks_v3hard,hard,service configuration,600.0,4,0,4
task_001716_db344e35,harbor_tasks_8192_deduped,medium,semantic version bumping and changelogs,600.0,4,0,4
task_001733_435ed6ef,harbor_tasks_v3hard,medium,database operations,600.0,4,0,4
task_001763_72a82985,harbor_tasks_8192_deduped,medium,SQLite database operations via CLI,600.0,4,0,4
task_001763_c3f1125b,harbor_tasks_v3hard,medium,checksum verification,600.0,4,0,4
task_001778_e5ef6dac,harbor_tasks_v3hard,easy,log analysis,600.0,0,4,4
task_001797_fa95840c,harbor_tasks_v3hard,easy,INI configuration parsing,600.0,0,4,4
task_001821_262ef3a7,harbor_tasks_v3hard,easy,backup and archiving,600.0,4,0,4
task_001880_495d89a5,harbor_tasks_8192_deduped,medium,log analysis,600.0,4,0,4
task_002002_2eee6682,harbor_tasks_v3hard,medium,binary data format parsing,600.0,4,0,4
task_002017_dd574081,harbor_tasks_v3hard,medium,file and directory management,600.0,0,4,4
task_002119_3c97ae76,harbor_tasks_v3hard,medium,regex-based log filtering,600.0,0,4,4
task_002128_b6812c24,harbor_tasks_v3hard,medium,binary data format parsing,600.0,0,4,4
task_002147_311d2f52,harbor_tasks_v3hard,medium,DNS and hostname resolution,600.0,4,0,4
task_002163_7b1d2b18,harbor_tasks_8192_deduped,medium,file and directory management,600.0,4,0,4
task_002192_afe65dbb,harbor_tasks_8192_deduped,medium,find and xargs batch file operations,600.0,4,0,4
task_002305_85171d0e,harbor_tasks_8192_deduped,medium,DNS and hostname resolution,600.0,0,4,4
task_002310_9c012d12,harbor_tasks_8192_deduped,easy,markdown documentation generation and linting,600.0,4,0,4
task_002312_90cc7ad2,harbor_tasks_8192_deduped,easy,sort and uniq frequency counting,600.0,4,0,4
task_002320_048ae95b,harbor_tasks_v3hard,hard,API testing and curl operations,600.0,4,0,4
task_002345_42ce97b7,harbor_tasks_v3hard,easy,symbolic link management,600.0,0,4,4
task_002423_7368e665,harbor_tasks_8192_deduped,medium,checksum verification,600.0,4,0,4
task_002430_5bbae303,harbor_tasks_v3hard,easy,checksum verification,600.0,4,0,4
task_002454_7594da39,harbor_tasks_v3hard,medium,exploiting/fixing security vulnerabilities,600.0,0,4,4
task_002462_5f8f2587,harbor_tasks_v3hard,hard,API testing and curl operations,600.0,0,4,4
task_002520_630f6ae4,harbor_tasks_8192_deduped,easy,distributed system debugging,600.0,0,4,4
task_002523_ef4a11c9,harbor_tasks_8192_deduped,hard,cut and paste column manipulation,600.0,0,4,4
task_002590_72c7e69c,harbor_tasks_8192_deduped,medium,symbolic link management,600.0,4,0,4
task_002597_14867656,harbor_tasks_v3hard,hard,database operations,600.0,0,4,4
task_002629_496cc9d6,harbor_tasks_8192_deduped,medium,text diffing and patch application,600.0,4,0,4
task_002692_5dd42446,harbor_tasks_v3hard,medium,symbolic link management,600.0,4,0,4
task_002728_344f442b,harbor_tasks_8192_deduped,medium,API testing and curl operations,600.0,4,0,4
task_002737_99f93812,harbor_tasks_8192_deduped,easy,GPG file encryption and signature verification,600.0,0,4,4
task_002783_426f0cfb,harbor_tasks_v3hard,medium,symbolic link management,600.0,0,4,4
task_002784_652552a1,harbor_tasks_v3hard,easy,text encoding conversions,600.0,0,4,4
task_002820_75025fff,harbor_tasks_v3hard,medium,pip package environment management,600.0,0,4,4
task_002822_5a0601c1,harbor_tasks_8192_deduped,easy,distributed system debugging,600.0,0,4,4
task_002823_f56dbc86,harbor_tasks_v3hard,hard,complex permissions management,600.0,0,4,4
task_002831_76d8b112,harbor_tasks_8192_deduped,easy,data transformation,600.0,4,0,4
task_002879_6ca9cc33,harbor_tasks_8192_deduped,hard,Python virtual environment setup with venv,600.0,4,0,4
task_002946_26941551,harbor_tasks_8192_deduped,easy,Makefile authoring and task automation,600.0,0,4,4
task_002992_fd91c0b1,harbor_tasks_8192_deduped,medium,API testing and curl operations,600.0,0,4,4
task_003008_2efc7115,harbor_tasks_v3hard,easy,cut and paste column manipulation,600.0,4,0,4
task_003063_abb68b9e,harbor_tasks_8192_deduped,hard,CSV/JSON data manipulation,600.0,0,4,4
task_003158_7ac22982,harbor_tasks_8192_deduped,medium,checksum verification,600.0,4,0,4
task_003159_64889c93,harbor_tasks_v3hard,easy,corrupt archive recovery,600.0,0,4,4
task_003209_73f6768c,harbor_tasks_8192_deduped,easy,launch a webserver,600.0,4,0,4
task_003238_2e5adfd0,harbor_tasks_v3hard,easy,package management,600.0,0,4,4
task_003239_f479b745,harbor_tasks_v3hard,medium,markdown documentation generation and linting,600.0,0,4,4
task_003252_17dd678a,harbor_tasks_v3hard,medium,security scanning,600.0,4,0,4
task_003262_8ecdc5df,harbor_tasks_v3hard,medium,git repository operations,600.0,4,0,4
task_003269_90d90c52,harbor_tasks_v3hard,easy,environment configuration,600.0,0,4,4
task_003286_1320bc6c,harbor_tasks_8192_deduped,medium,running old code,600.0,4,0,4
task_003309_f10595fa,harbor_tasks_8192_deduped,medium,remote file synchronization,600.0,4,0,4
task_003335_04a73017,harbor_tasks_v3hard,hard,database operations,600.0,0,4,4
task_003342_c1e723dc,harbor_tasks_v3hard,hard,git repository operations,600.0,0,4,4
task_003374_26b2a546,harbor_tasks_8192_deduped,medium,sort and uniq frequency counting,600.0,0,4,4
task_003377_406b2311,harbor_tasks_8192_deduped,easy,container management,600.0,0,4,4
task_003393_1fa0b409,harbor_tasks_v3hard,hard,SQLite database operations via CLI,600.0,0,4,4
task_003425_05aa93a0,harbor_tasks_v3hard,hard,cron and systemd timer authoring (user),600.0,4,0,4
task_003428_9c5d8204,harbor_tasks_8192_deduped,hard,symbolic link management,600.0,4,0,4
task_003457_bec88ea7,harbor_tasks_8192_deduped,medium,system monitoring and diagnostics,600.0,0,4,4
task_003478_099dc3d1,harbor_tasks_v3hard,medium,API testing and curl operations,600.0,4,0,4
task_003494_a32ee06b,harbor_tasks_v3hard,medium,git submodule management,600.0,0,4,4
task_003496_d600c64d,harbor_tasks_v3hard,medium,CSV/JSON data manipulation,600.0,0,4,4
task_003516_76dd73be,harbor_tasks_8192_deduped,medium,API testing and curl operations,600.0,0,4,4
task_003536_9c26cb63,harbor_tasks_v3hard,easy,checksum verification,600.0,0,4,4
task_003562_aaee8590,harbor_tasks_8192_deduped,medium,data pipeline with error recovery,600.0,0,4,4
task_003587_de27e168,harbor_tasks_v3hard,easy,environment configuration,600.0,4,0,4
task_003645_b3b64c8b,harbor_tasks_8192_deduped,easy,pip package environment management,600.0,0,4,4
task_003667_4e389d99,harbor_tasks_8192_deduped,medium,checksum verification,600.0,0,4,4
task_003679_954be9e4,harbor_tasks_v3hard,hard,data transformation,600.0,4,0,4
task_003706_3b03491c,harbor_tasks_v3hard,hard,semantic version bumping and changelogs,600.0,0,4,4
task_003718_cd0633d6,harbor_tasks_8192_deduped,easy,package management,600.0,0,4,4
task_003756_5dd9dd53,harbor_tasks_8192_deduped,easy,markdown documentation generation and linting,600.0,0,4,4
task_003770_470b97ba,harbor_tasks_8192_deduped,medium,running old code,600.0,0,4,4
task_003793_d3aa8338,harbor_tasks_v3hard,medium,shell scripting automation,600.0,0,4,4
task_003820_d1aa4032,harbor_tasks_8192_deduped,medium,exploiting/fixing security vulnerabilities,600.0,4,0,4
task_003839_87feb0d1,harbor_tasks_8192_deduped,easy,database operations,600.0,0,4,4
task_003844_ae8b2623,harbor_tasks_v3hard,medium,markdown documentation generation and linting,600.0,0,4,4
task_003863_24dd69ea,harbor_tasks_v3hard,medium,data pipeline with error recovery,600.0,0,4,4
task_003879_32463a5b,harbor_tasks_v3hard,hard,service configuration,600.0,0,4,4
task_003953_697726cf,harbor_tasks_v3hard,medium,symbolic link management,600.0,4,0,4
task_003971_7e700094,harbor_tasks_v3hard,medium,security scanning,600.0,4,0,4
task_003993_c89966fc,harbor_tasks_8192_deduped,medium,file and directory management,600.0,0,4,4
task_004060_3d48f110,harbor_tasks_8192_deduped,easy,security scanning,600.0,4,0,4
task_004064_6d7a66cd,harbor_tasks_v3hard,hard,container management,600.0,4,0,4
task_004098_112ed9f5,harbor_tasks_8192_deduped,easy,service configuration,600.0,4,0,4
task_004149_68e74b85,harbor_tasks_v3hard,medium,CSV/JSON data manipulation,600.0,4,0,4
task_004152_2fb2d1f7,harbor_tasks_8192_deduped,medium,file compression and extraction,600.0,4,0,4
task_004191_bbbdcb91,harbor_tasks_8192_deduped,medium,container management,600.0,4,0,4
task_004272_9cc1e399,harbor_tasks_8192_deduped,hard,file compression and extraction,600.0,0,4,4
task_004344_f11ebafa,harbor_tasks_8192_deduped,medium,scheduled tasks and cron jobs,600.0,4,0,4
task_004376_e4a130a2,harbor_tasks_v3hard,medium,INI configuration parsing,600.0,4,0,4
task_004453_208bd9e7,harbor_tasks_8192_deduped,medium,disk usage analysis,600.0,0,4,4
task_004492_466f0088,harbor_tasks_v3hard,medium,file and directory management,600.0,0,4,4
task_004586_ceee6fbe,harbor_tasks_v3hard,medium,markdown documentation generation and linting,600.0,0,4,4
task_004609_577e97bb,harbor_tasks_v3hard,hard,container management,600.0,4,0,4
task_004640_f6b757c4,harbor_tasks_v3hard,medium,binary data format parsing,600.0,4,0,4
task_004664_a9bc3f6f,harbor_tasks_8192_deduped,medium,file compression and extraction,600.0,0,4,4
task_004705_0fad65be,harbor_tasks_8192_deduped,medium,distributed system debugging,600.0,4,0,4
task_004715_25d616b2,harbor_tasks_8192_deduped,easy,SQLite database operations via CLI,600.0,0,4,4
task_004738_ef0e1e61,harbor_tasks_8192_deduped,medium,system monitoring and diagnostics,600.0,4,0,4
task_004783_58ef09d3,harbor_tasks_8192_deduped,easy,text processing and manipulation,600.0,0,4,4
task_004846_d88dee5f,harbor_tasks_8192_deduped,medium,SSH keypair generation and management,600.0,0,4,4
task_004861_4a1169f6,harbor_tasks_8192_deduped,medium,file and directory management,600.0,4,0,4
task_004929_db74337f,harbor_tasks_v3hard,easy,process management,600.0,4,0,4
task_004987_8bdd8bd4,harbor_tasks_v3hard,medium,distributed system debugging,600.0,4,0,4
task_005333_61bba101,harbor_tasks_v3hard,easy,process management,600.0,0,4,4
task_005474_3684bf3a,harbor_tasks_v3hard,easy,cut and paste column manipulation,600.0,4,0,4
task_005520_73457c8e,harbor_tasks_v3hard,medium,database operations,600.0,4,0,4
task_005545_5f8b637f,harbor_tasks_v3hard,medium,scheduled tasks and cron jobs,600.0,4,0,4
task_005694_bedaac93,harbor_tasks_v3hard,easy,INI configuration parsing,600.0,4,0,4
task_005697_b68eb64d,harbor_tasks_v3hard,easy,headless browser data scraping,600.0,4,0,4
task_005704_1436fcb3,harbor_tasks_v3hard,easy,environment variable and dotenv management,600.0,0,4,4
task_005724_3a8d532f,harbor_tasks_v3hard,easy,environment configuration,600.0,0,4,4
task_005790_c710631a,harbor_tasks_v3hard,easy,corrupt archive recovery,600.0,0,4,4
task_006000_fdcd848b,harbor_tasks_v3hard,easy,time zone and locale configuration,600.0,4,0,4
task_006025_79d74090,harbor_tasks_v3hard,hard,performance optimization,600.0,4,0,4
task_006139_777ac175,harbor_tasks_v3hard,hard,data pipeline with error recovery,600.0,4,0,4
task_006218_9e1ae4a2,harbor_tasks_v3hard,hard,data pipeline with error recovery,600.0,4,0,4
task_006352_46569310,harbor_tasks_v3hard,medium,symbolic link management,600.0,4,0,4
task_006786_3cb5735b,harbor_tasks_v3hard,medium,running old code,600.0,4,0,4
task_006918_34b3e564,harbor_tasks_v3hard,easy,system monitoring and diagnostics,600.0,0,4,4
task_007201_3bbab3cd,harbor_tasks_v3hard,medium,scheduled tasks and cron jobs,600.0,4,0,4
task_007219_d4146ac0,harbor_tasks_v3hard,easy,Python virtual environment setup with venv,600.0,4,0,4
task_007413_1d26c8c5,harbor_tasks_v3hard,medium,INI configuration parsing,600.0,4,0,4
task_007572_9981cb19,harbor_tasks_v3hard,medium,running old code,600.0,0,4,4
task_007634_80bf4174,harbor_tasks_v3hard,medium,semantic version bumping and changelogs,600.0,0,4,4
task_007640_c80a9a1c,harbor_tasks_v3hard,easy,Python virtual environment setup with venv,600.0,4,0,4
task_007859_6e199e6c,harbor_tasks_v3hard,medium,text processing and manipulation,600.0,4,0,4
task_007926_49fded1b,harbor_tasks_v3hard,easy,text processing and manipulation,600.0,0,4,4
task_007964_7650e6a0,harbor_tasks_v3hard,hard,launch a webserver,600.0,4,0,4
task_008165_df0367d4,harbor_tasks_v3hard,hard,network diagnostics,600.0,0,4,4
task_008181_eb8dd94b,harbor_tasks_v3hard,medium,user and permission management,600.0,4,0,4
